{
  "name": "sutiramu",
  "class": "com.lycanitesmobs.desertmobs.entity.EntitySutiramu",
  "loadDefault": true,
  "enabled": true,
  "spawning": {
    "enabled": true,
    "spawners": [
      "monster",
      "beast"
    ],
    "disableSubspecies": false,
    "dimensionIds": [
      -1,
      1
    ],
    "dimensionListType": "blacklist",
    "ignoreBiome": false,
    "biomes": [
      "sandy",
      "wasteland",
      "mesa",
      "-cold"
    ],
    "spawnWeight": 8,
    "dungeonWeight": 200,
    "spawnAreaLimit": 5,
    "spawnGroupMin": 1,
    "spawnGroupMax": 3,
    "spawnsInLight": false,
    "spawnsInDark": true,
    "worldDayMin": -1,
    "despawnNatural": true,
    "despawnForced": false
  },
  "width": 1.9,
  "height": 1.9,
  "experience": 5,
  "health": 25,
  "defense": 1,
  "armor": 0,
  "speed": 28,
  "damage": 2,
  "attackSpeed": 1,
  "rangedSpeed": 1,
  "effect": 5,
  "amplifier": 0,
  "pierce": 1,
  "sight": 16,
  "knockbackResistance": 0,
  "eggBackColor": "#83553b",
  "eggForeColor": "#2c1c0f",
  "subspecies": [
    {
      "index": 1,
      "name": "golden",
      "type": "uncommon"
    },
    {
      "index": 2,
      "name": "scarlet",
      "type": "uncommon"
    }
  ],
  "elements": [
    "crystal",
    "quake"
  ],
  "peaceful": false,
  "summonable": true,
  "tameable": false,
  "mountable": false,
  "summonCost": 2,
  "dungeonLevel": 1,
  "drops": [
    {
      "item": "minecraft:flint",
      "minAmount": 1,
      "maxAmount": 2,
      "chance": 1
    },
    {
      "item": "minecraft:iron_ore",
      "minAmount": 1,
      "maxAmount": 2,
      "chance": 0.5
    },
    {
      "item": "minecraft:gold_nugget",
      "minAmount": 1,
      "maxAmount": 2,
      "chance": 0.25
    },
    {
      "item": "minecraft:spider_eye",
      "minAmount": 1,
      "maxAmount": 2,
      "chance": 0.25
    }
  ],
  "sizeScale": 1,
  "hitboxScale": 1
}