{
  "name": "wendigo",
  "class": "com.lycanitesmobs.arcticmobs.entity.EntityWendigo",
  "loadDefault": true,
  "enabled": true,
  "spawning": {
    "enabled": true,
    "spawners": [
      "monster",
      "beast",
      "ooze"
    ],
    "disableSubspecies": false,
    "dimensionIds": [
      -1,
      1
    ],
    "dimensionListType": "blacklist",
    "ignoreBiome": false,
    "biomes": [
      "cold",
      "snowy",
      "coniferous",
      "-end"
    ],
    "spawnWeight": 4,
    "dungeonWeight": 0,
    "spawnAreaLimit": 1,
    "spawnGroupMin": 1,
    "spawnGroupMax": 1,
    "spawnsInLight": false,
    "spawnsInDark": true,
    "worldDayMin": -1,
    "despawnNatural": true,
    "despawnForced": false
  },
  "width": 1.0,
  "height": 4.5,
  "experience": 15,
  "health": 40,
  "defense": 3,
  "armor": 0,
  "speed": 16,
  "damage": 2,
  "attackSpeed": 1,
  "rangedSpeed": 0.25,
  "effect": 5,
  "amplifier": 0,
  "pierce": 1,
  "sight": 16,
  "knockbackResistance": 1,
  "eggBackColor": "#CCCCFF",
  "eggForeColor": "#0055FF",
  "subspecies": [
    {
      "index": 1,
      "name": "keppel",
      "type": "uncommon"
    },
    {
      "index": 2,
      "name": "violet",
      "type": "uncommon"
    }
  ],
  "element": "frost",
  "peaceful": false,
  "summonable": false,
  "tameable": false,
  "mountable": false,
  "summonCost": 6,
  "dungeonLevel": 2,
  "drops": [
    {
      "item": "minecraft:snow",
      "minAmount": 1,
      "maxAmount": 8,
      "chance": 0.5
    },
    {
      "item": "minecraft:packed_ice",
      "minAmount": 1,
      "maxAmount": 8,
      "chance": 0.25
    },
    {
      "item": "arcticmobs:tundracharge",
      "minAmount": 1,
      "maxAmount": 1,
      "chance": 0.75
    },
    {
      "item": "arcticmobs:frostyfur",
      "minAmount": 2,
      "maxAmount": 5,
      "chance": 1
    }
  ],
  "sizeScale": 1,
  "hitboxScale": 1
}