{
  "name": "wildkin",
  "class": "com.lycanitesmobs.mountainmobs.entity.EntityWildkin",
  "loadDefault": true,
  "enabled": true,
  "spawning": {
    "enabled": true,
    "spawners": [
      "monster",
      "beast"
    ],
    "disableSubspecies": false,
    "dimensionIds": [
      -1,
      1
    ],
    "dimensionListType": "blacklist",
    "ignoreBiome": false,
    "biomes": [
      "mountain"
    ],
    "spawnWeight": 4,
    "dungeonWeight": 200,
    "spawnAreaLimit": 5,
    "spawnGroupMin": 1,
    "spawnGroupMax": 3,
    "spawnsInLight": false,
    "spawnsInDark": true,
    "worldDayMin": -1,
    "despawnNatural": true,
    "despawnForced": false
  },
  "width": 1.5,
  "height": 3.2,
  "experience": 5,
  "health": 30,
  "defense": 2,
  "armor": 0,
  "speed": 26,
  "damage": 4,
  "attackSpeed": 1,
  "rangedSpeed": 1,
  "effect": 5,
  "amplifier": 1,
  "pierce": 1,
  "sight": 16,
  "knockbackResistance": 1,
  "eggBackColor": "#433929",
  "eggForeColor": "#766f5a",
  "subspecies": [
    {
      "index": 1,
      "name": "light",
      "type": "uncommon"
    },
    {
      "index": 2,
      "name": "violet",
      "type": "uncommon"
    }
  ],
  "element": "earth",
  "peaceful": false,
  "summonable": false,
  "tameable": true,
  "mountable": false,
  "summonCost": 6,
  "dungeonLevel": 2,
  "drops": [
    {
      "item": "minecraft:bone",
      "minAmount": 1,
      "maxAmount": 3,
      "chance": 1
    },
    {
      "item": "minecraft:feather",
      "minAmount": 1,
      "maxAmount": 2,
      "chance": 1
    },
    {
      "item": "minecraft:dye",
      "metadata": 4,
      "minAmount": 4,
      "maxAmount": 8,
      "chance": 1
    }
  ],
  "sizeScale": 1,
  "hitboxScale": 1
}