{
  "name": "yeti",
  "class": "com.lycanitesmobs.arcticmobs.entity.EntityYeti",
  "loadDefault": true,
  "enabled": true,
  "spawning": {
    "enabled": true,
    "spawners": [
      "creature",
      "animal"
    ],
    "disableSubspecies": false,
    "dimensionIds": [
      -1,
      1
    ],
    "dimensionListType": "blacklist",
    "ignoreBiome": false,
    "biomes": [
      "cold",
      "snowy",
      "coniferous",
      "-end"
    ],
    "spawnWeight": 10,
    "dungeonWeight": 0,
    "spawnAreaLimit": 5,
    "spawnGroupMin": 1,
    "spawnGroupMax": 4,
    "spawnsInLight": true,
    "spawnsInDark": false,
    "worldDayMin": -1,
    "despawnNatural": false,
    "despawnForced": false
  },
  "width": 1.8,
  "height": 2.8,
  "experience": 5,
  "health": 20,
  "defense": 2,
  "armor": 0,
  "speed": 28,
  "damage": 2,
  "attackSpeed": 1,
  "rangedSpeed": 1,
  "effect": 5,
  "amplifier": 0,
  "pierce": 1,
  "sight": 16,
  "knockbackResistance": 0.5,
  "eggBackColor": "#EEEEFF",
  "eggForeColor": "#000099",
  "subspecies": [
    {
      "index": 1,
      "name": "russet",
      "type": "uncommon"
    },
    {
      "index": 2,
      "name": "violet",
      "type": "uncommon"
    }
  ],
  "element": "frost",
  "peaceful": true,
  "summonable": true,
  "tameable": false,
  "mountable": false,
  "summonCost": 2,
  "dungeonLevel": 1,
  "drops": [
    {
      "item": "minecraft:snowball",
      "minAmount": 1,
      "maxAmount": 3,
      "chance": 0.25
    },
    {
      "item": "minecraft:packed_ice",
      "minAmount": 1,
      "maxAmount": 3,
      "chance": 0.25
    },
    {
      "item": "arcticmobs:yetimeatraw",
      "burningItem": "arcticmobs:yetimeatcooked",
      "minAmount": 2,
      "maxAmount": 5,
      "chance": 1
    },
    {
      "item": "arcticmobs:frostyfur",
      "minAmount": 1,
      "maxAmount": 2,
      "chance": 0.25
    }
  ],
  "sizeScale": 1,
  "hitboxScale": 1
}