{
  "name": "stairsbasic",
  "type": "stairs",
  "weight": 8,
  "loadDefault": true,
  "changeTheme": false,
  "sizeMin": [
    8,
    9,
    8
  ],
  "sizeMax": [
    8,
    9,
    8
  ],
  "floor": [
    {
      "layer": 0,
      "pattern": [
        "111111111",
        "111111111",
        "112222211",
        "112222211",
        "112222211",
        "112222211",
        "111111111",
        "111111111"
      ]
    }
  ],
  "wall": [
    {
      "layer": 0,
      "pattern": [
        "111111111",
        "112222211",
        "1121L1211",
        "112111211",
        "112111211",
        "112111211",
        "1121L1211",
        "112222211",
        "111111111"
      ]
    },
    {
      "layer": 1,
      "tileHorizontal": false,
      "tileVertical": false,
      "pattern": [
        "000000000",
        "000000000",
        "0000T0000",
        "000000000",
        "000000000",
        "000000000",
        "0000T0000",
        "000000000",
        "000000000"
      ]
    }
  ],
  "ceiling": [
    {
      "layer": 0,
      "tileHorizontal": false,
      "centerHorizontal": true,
      "tileVertical": false,
      "centerVertical": true,
      "pattern": [
        "111111111",
        "111111111",
        "112222211",
        "112222211",
        "112222211",
        "112222211",
        "111111111",
        "111111111"
      ]
    }
  ]
}